Acalanes Ridge
Acampo
Acton
Adelanto
Adin
Agoura Hills
Agua Dulce
Aguanga
Ahwahnee
Airport
Alameda
Alamo
Albany
Albion
Alderpoint
Alhambra
Alhambra Valley
Aliso Viejo
Alleghany
Allendale
Allensworth
Almanor
Alondra Park
Alpaugh
Alpine
Alpine Village
Alta
Alta Sierra
Altadena
Alto
Alturas
Alum Rock
Amador City
American Canyon
Amesti
Anaheim
Anchor Bay
Anderson
Angels
Angwin
Antelope
Antioch
Anza
Apple Valley
Aptos
Aptos Hills-Larkin Valley
Arbuckle
Arcadia
Arcata
Arden-Arcade
Armona
Arnold
Aromas
Arroyo Grande
Artesia
Artois
Arvin
Ashland
Aspen Springs
Atascadero
Atherton
Atwater
Auberry
Auburn
Auburn Lake Trails
August
Avalon
Avenal
Avery
Avila Beach
Avocado Heights
Azusa
Baker
Bakersfield
Baldwin Park
Ballard
Ballico
Bangor
Banning
Barstow
Bass Lake
Bay Point
Bayview
Bayview CDP (Contra Costa County)
Beale AFB
Bear Creek
Bear Valley
Bear Valley CDP (Alpine County)
Bear Valley Springs
Beaumont
Beckwourth
Belden
Bell
Bell Canyon
Bell Gardens
Bella Vista
Bellflower
Belmont
Belvedere
Ben Lomond
Benbow
Bend
Benicia
Benton
Berkeley
Bermuda Dunes
Berry Creek
Bertsch-Oceanview
Bethel Island
Beverly Hills
Bieber
Big Bear City
Big Bear Lake
Big Bend
Big Creek
Big Lagoon
Big Pine
Big River
Biggs
Biola
Bishop
Black Point-Green Point
Blackhawk
Blacklake
Blairsden
Bloomfield
Bloomington
Blue Lake
Bluewater
Blythe
Bodega
Bodega Bay
Bodfish
Bolinas
Bombay Beach
Bonadelle Ranchos-Madera Ranchos
Bonita
Bonny Doon
Bonsall
Boonville
Bootjack
Boron
Boronda
Borrego Springs
Bostonia
Boulder Creek
Boulevard
Bowles
Boyes Hot Springs
Bradbury
Bradley
Brawley
Brea
Brentwood
Bret Harte
Bridgeport
Brisbane
Broadmoor
Brookdale
Brooktrails
Buck Meadows
Buckhorn
Bucks Lake
Buellton
Buena Park
Buena Vista
Burbank
Burbank CDP
Burlingame
Burney
Burnt Ranch
Butte Creek Canyon
Butte Meadows
Butte Valley
Buttonwillow
Byron
Bystrom
C-Road
Cabazon
Calabasas
Calexico
California City
California Hot Springs
California Pines
Calimesa
Calipatria
Calistoga
Callender
Calpella
Calpine
Calwa
Camanche North Shore
Camanche Village
Camarillo
Cambria
Cambrian Park
Cameron Park
Camino
Camino Tassajara
Camp Nelson
Camp Pendleton North
Camp Pendleton South
Campbell
Campo
Camptonville
Canby
Cantua Creek
Canyon Lake
Canyondam
Capitola
Caribou
Carlsbad
Carmel Valley Village
Carmel-by-the-Sea
Carmet
Carmichael
Carnelian Bay
Carpinteria
Carrick
Carson
Cartago
Caruthers
Casa Conejo
Casa de Oro-Mount Helix
Casmalia
Caspar
Cassel
Castaic
Castle Hill
Castro Valley
Castroville
Cathedral City
Catheys Valley
Cayucos
Cazadero
Cedar Ridge
Cedar Slope
Cedarville
Centerville
Ceres
Cerritos
Chalfant
Challenge-Brownsville
Channel Islands Beach
Charter Oak
Cherokee
Cherokee Strip
Cherry Valley
Cherryland
Chester
Chico
Chilcoot-Vinton
China Lake Acres
Chinese Camp
Chino
Chino Hills
Chowchilla
Chualar
Chula Vista
Citrus
Citrus Heights
Claremont
Clarksburg
Clay
Clayton
Clear Creek
Clearlake
Clearlake Oaks
Clearlake Riviera
Cleone
Clio
Clipper Mills
Cloverdale
Clovis
Clyde
Coachella
Coalinga
Coarsegold
Cobb
Coffee Creek
Cohasset
Cold Springs
Cold Springs CDP (Tuolumne County)
Coleville
Colfax
College City
Collierville
Colma
Coloma
Colton
Columbia
Colusa
Commerce
Comptche
Compton
Concord
Concow
Contra Costa Centre
Copperopolis
Corcoran
Corning
Corona
Coronado
Coronita
Corralitos
Corte Madera
Costa Mesa
Cotati
Coto de Caza
Cottonwood
Coulterville
Country Club
Courtland
Covelo
Covina
Cowan
Crescent City
Crescent Mills
Cressey
Crest
Crestline
Creston
Crockett
Cromberg
Crowley Lake
Crows Landing
Cudahy
Culver City
Cupertino
Cutler
Cutten
Cuyama
Cypress
Daly City
Dana Point
Danville
Daphnedale Park
Darwin
Davenport
Davis
Day Valley
Deer Park
Del Aire
Del Mar
Del Monte Forest
Del Rey
Del Rey Oaks
Del Rio
Delano
Delft Colony
Delhi
Delleker
Denair
Derby Acres
Descanso
Desert Center
Desert Edge
Desert Hot Springs
Desert Palms
Desert Shores
Desert View Highlands
Diablo
Diablo Grande
Diamond Bar
Diamond Springs
Dillon Beach
Dinuba
Discovery Bay
Dixon
Dixon Lane-Meadow Creek
Dobbins
Dogtown
Dollar Point
Dorrington
Dorris
Dos Palos
Dos Palos Y
Douglas City
Downey
Downieville
Doyle
Drytown
Duarte
Dublin
Ducor
Dunnigan
Dunsmuir
Durham
Dustin Acres
Dutch Flat
Eagleville
Earlimart
East Foothills
East Hemet
East Los Angeles
East Nicolaus
East Oakdale
East Orosi
East Palo Alto
East Pasadena
East Porterville
East Quincy
East Rancho Dominguez
East Richmond Heights
East San Gabriel
East Shore
East Sonora
East Tulare Villa
East Whittier
Easton
Eastvale
Edgewood
Edmundson Acres
Edna
Edwards AFB
El Cajon
El Centro
El Cerrito
El Cerrito CDP
El Dorado Hills
El Granada
El Monte
El Nido
El Paso de Robles (Paso Robles)
El Portal
El Rancho
El Rio
El Segundo
El Sobrante
El Sobrante CDP (Contra Costa County)
El Verano
Eldridge
Elizabeth Lake
Elk Creek
Elk Grove
Elkhorn
Elmira
Elverta
Emerald Lake Hills
Emeryville
Empire
Encinitas
Escalon
Escondido
Esparto
Etna
Eucalyptus Hills
Eureka
Exeter
Fair Oaks
Fairbanks Ranch
Fairfax
Fairfield
Fairhaven
Fairmead
Fairview
Fall River Mills
Fallbrook
Farmersville
Farmington
Fellows
Felton
Ferndale
Fetters Hot Springs-Agua Caliente
Fiddletown
Fieldbrook
Fields Landing
Fillmore
Firebaugh
Fish Camp
Florence-Graham
Florin
Floriston
Flournoy
Folsom
Fontana
Foothill Farms
Forbestown
Ford City
Forest Meadows
Forest Ranch
Foresthill
Forestville
Fort Bidwell
Fort Bragg
Fort Dick
Fort Irwin
Fort Jones
Fort Washington
Fortuna
Foster City
Fountain Valley
Fowler
Franklin
Franklin CDP (Sacramento County)
Frazier Park
Freedom
Freeport
Fremont
French Camp
French Gulch
French Valley
Fresno
Friant
Fruitdale
Fruitridge Pocket
Fuller Acres
Fullerton
Fulton
Furnace Creek
Galt
Garberville
Garden Acres
Garden Farms
Garden Grove
Gardena
Garey
Garnet
Gasquet
Gazelle
Georgetown
Gerber
Geyserville
Gilroy
Glen Ellen
Glendale
Glendora
Gold Mountain
Gold River
Golden Hills
Goleta
Gonzales
Good Hope
Goodyears Bar
Goshen
Graeagle
Grand Terrace
Grangeville
Granite Bay
Granite Hills
Graniteville
Grass Valley
Graton
Grayson
Greeley Hill
Green Acres
Green Valley
Green Valley CDP (Los Angeles County)
Greenacres
Greenfield
Greenfield CDP
Greenhorn
Greenview
Greenville
Grenada
Gridley
Grimes
Grizzly Flats
Groveland
Grover Beach
Guadalupe
Guerneville
Guinda
Gustine
Hacienda Heights
Half Moon Bay
Hamilton Branch
Hamilton City
Hanford
Happy Camp
Harbison Canyon
Hardwick
Hartland
Hartley
Hasley Canyon
Hat Creek
Hawaiian Gardens
Hawthorne
Hayfork
Hayward
Healdsburg
Heber
Hemet
Herald
Hercules
Herlong
Hermosa Beach
Hesperia
Hickman
Hidden Hills
Hidden Meadows
Hidden Valley Lake
Highgrove
Highland
Highlands-Baywood Park
Hillsborough
Hilmar-Irwin
Hiouchi
Hollister
Holtville
Home Garden
Home Gardens
Homeland
Homestead Valley
Homewood Canyon
Honcut
Hood
Hoopa
Hopland
Hornbrook
Hornitos
Hughson
Humboldt Hill
Huntington Beach
Huntington Park
Huron
Hyampom
Hydesville
Idlewild
Idyllwild-Pine Cove
Imperial
Imperial Beach
Independence
Indian Falls
Indian Wells
Indianola
Indio
Indio Hills
Industry
Inglewood
Interlaken
Inverness
Inyokern
Ione
Iron Horse
Irvine
Irwindale
Isla Vista
Isleton
Ivanhoe
Jackson
Jacumba
Jamestown
Jamul
Janesville
Jenner
Johannesburg
Johnstonville
Johnsville
Joshua Tree
Julian
Junction City
June Lake
Jurupa Valley
Keddie
Keeler
Keene
Kelly Ridge
Kelseyville
Kennedy
Kennedy Meadows
Kensington
Kentfield
Kenwood
Kerman
Kernville
Keswick
Kettleman City
Keyes
King City
Kings Beach
Kingsburg
Kingvale
Kirkwood
Klamath
Knights Landing
Knightsen
La Cañada Flintridge
La Crescenta-Montrose
La Habra
La Habra Heights
La Honda
La Mesa
La Mirada
La Palma
La Porte
La Presa
La Puente
La Quinta
La Riviera
La Selva Beach
La Verne
La Vina
Ladera
Ladera Heights
Ladera Ranch
Lafayette
Laguna Beach
Laguna Hills
Laguna Niguel
Laguna Woods
Lagunitas-Forest Knolls
Lake Almanor Country Club
Lake Almanor Peninsula
Lake Almanor West
Lake Arrowhead
Lake California
Lake City
Lake Davis
Lake Don Pedro
Lake Elsinore
Lake Forest
Lake Hughes
Lake Isabella
Lake Los Angeles
Lake Mathews
Lake Nacimiento
Lake of the Pines
Lake of the Woods
Lake Riverside
Lake San Marcos
Lake Sherwood
Lake Wildwood
Lakehead
Lakeland Village
Lakeport
Lakeside
Lakeview
Lakewood
Lamont
Lanare
Lancaster
Larkfield-Wikiup
Larkspur
Las Flores
Las Flores CDP (Tehama County)
Las Lomas
Lathrop
Laton
Lawndale
Laytonville
Le Grand
Lebec
Lee Vining
Leggett
Lemon Cove
Lemon Grove
Lemon Hill
Lemoore
Lemoore Station
Lennox
Lenwood
Leona Valley
Lewiston
Lexington Hills
Likely
Lincoln
Lincoln Village
Linda
Lindcove
Linden
Lindsay
Linnell Camp
Litchfield
Little Grass Valley
Little River
Little Valley
Littlerock
Live Oak
Live Oak city
Livermore
Livingston
Lockeford
Lockwood
Lodi
Lodoga
Loleta
Loma Linda
Loma Mar
Loma Rica
Lomita
Lompico
Lompoc
London
Lone Pine
Long Barn
Long Beach
Lookout
Loomis
Los Alamitos
Los Alamos
Los Altos
Los Altos Hills
Los Angeles
Los Banos
Los Berros
Los Gatos
Los Molinos
Los Olivos
Los Osos
Los Ranchos
Lost Hills
Lower Lake
Loyalton
Loyola
Lucas Valley-Marinwood
Lucerne
Lucerne Valley
Lynwood
Lytle Creek
Mabie
Macdoel
Mad River
Madera
Madera Acres
Madison
Magalia
Malaga
Malibu
Mammoth Lakes
Manchester
Manhattan Beach
Manila
Manteca
Manton
March ARB
Maricopa
Marin City
Marina
Marina del Rey
Mariposa
Markleeville
Martell
Martinez
Marysville
Matheny
Mather
Maxwell
Mayfair
Mayflower Village
Maywood
McArthur
McClellan Park
McClenney Tract
McCloud
McFarland
McGee Creek
McKinleyville
McKittrick
McSwain
Mead Valley
Meadow Valley
Meadow Vista
Meadowbrook
Mecca
Meiners Oaks
Mendocino
Mendota
Menifee
Menlo Park
Mentone
Merced
Meridian
Mesa
Mesa Verde
Mesa Vista
Mettler
Mexican Colony
Mi-Wuk Village
Middletown
Midpines
Midway City
Milford
Mill Valley
Millbrae
Millville
Milpitas
Mineral
Minkler
Mira Monte
Miranda
Mission Canyon
Mission Hills
Mission Viejo
Modesto
Mohawk Vista
Mojave
Mokelumne Hill
Monmouth
Mono City
Mono Vista
Monrovia
Monson
Montague
Montalvin Manor
Montara
Montclair
Monte Rio
Monte Sereno
Montebello
Montecito
Monterey
Monterey Park
Monterey Park Tract
Montgomery Creek
Monument Hills
Moorpark
Morada
Moraga
Moreno Valley
Morgan Hill
Morongo Valley
Morro Bay
Moskowite Corner
Moss Beach
Moss Landing
Mount Hebron
Mount Hermon
Mount Laguna
Mount Shasta
Mountain Center
Mountain Gate
Mountain House
Mountain Mesa
Mountain Ranch
Mountain View
Mountain View Acres
Mountain View CDP
Muir Beach
Murphys
Murrieta
Muscoy
Myers Flat
Myrtletown
Napa
National City
Needles
Nevada City
New Cuyama
New Pine Creek
Newark
Newcastle
Newell
Newman
Newport Beach
Nicasio
Nice
Nicolaus
Niland
Nipinnawasee
Nipomo
Norco
Nord
Norris Canyon
North Auburn
North Edwards
North El Monte
North Fair Oaks
North Gate
North Highlands
North Lakeport
North Richmond
North San Juan
North Shore
North Tustin
Norwalk
Novato
Nubieber
Nuevo
Oak Glen
Oak Hills
Oak Park
Oak Shores
Oak View
Oakdale
Oakhurst
Oakland
Oakley
Oakville
Oasis
Occidental
Oceano
Oceanside
Ocotillo
Oildale
Ojai
Olancha
Old Fig Garden
Old Station
Olivehurst
Ontario
Onyx
Orange
Orange Cove
Orangevale
Orcutt
Orick
Orinda
Orland
Orosi
Oroville
Oroville East
Oxnard
Pacheco
Pacific Grove
Pacifica
Pajaro
Pajaro Dunes
Pala
Palermo
Palm Desert
Palm Springs
Palmdale
Palo Alto
Palo Cedro
Palo Verde
Palos Verdes Estates
Panorama Heights
Paradise
Paradise CDP
Paradise Park
Paramount
Parklawn
Parksdale
Parkway
Parkwood
Parlier
Pasadena
Pasatiempo
Paskenta
Patterson
Patterson Tract
Patton Village
Paxton
Paynes Creek
Pearsonville
Penn Valley
Penngrove
Penryn
Perris
Pescadero
Petaluma
Peters
Phelan
Phillipsville
Philo
Phoenix Lake
Pico Rivera
Piedmont
Pierpoint
Pike
Pine Canyon
Pine Flat
Pine Grove
Pine Hills
Pine Mountain Club
Pine Mountain Lake
Pine Valley
Pinole
Piñon Hills
Pioneer
Piru
Pismo Beach
Pittsburg
Pixley
Placentia
Placerville
Plainview
Planada
Pleasant Hill
Pleasanton
Pleasure Point
Plumas Eureka
Plumas Lake
Plymouth
Point Arena
Point Reyes Station
Pollock Pines
Pomona
Ponderosa
Poplar-Cotton Center
Port Costa
Port Hueneme
Porterville
Portola
Portola Valley
Posey
Poso Park
Potrero
Potter Valley
Poway
Prattville
Princeton
Proberta
Prunedale
Quartz Hill
Quincy
Rackerby
Rail Road Flat
Rainbow
Raisin City
Ramona
Rancho Calaveras
Rancho Cordova
Rancho Cucamonga
Rancho Mirage
Rancho Murieta
Rancho Palos Verdes
Rancho San Diego
Rancho Santa Fe
Rancho Santa Margarita
Rancho Tehama Reserve
Randsburg
Red Bluff
Red Corral
Redcrest
Redding
Redlands
Redondo Beach
Redway
Redwood City
Redwood Valley
Reedley
Reliez Valley
Rialto
Richfield
Richgrove
Richmond
Richvale
Ridgecrest
Ridgemark
Rio del Mar
Rio Dell
Rio Linda
Rio Oso
Rio Vista
Ripley
Ripon
River Pines
Riverbank
Riverdale
Riverdale Park
Riverside
Robbins
Robinson Mill
Rocklin
Rodeo
Rodriguez Camp
Rohnert Park
Rolling Hills
Rolling Hills CDP
Rolling Hills Estates
Rollingwood
Romoland
Rosamond
Rose Hills
Rosedale
Roseland
Rosemead
Rosemont
Roseville
Ross
Rossmoor
Rough and Ready
Round Mountain
Round Valley
Rouse
Rowland Heights
Running Springs
Ruth
Rutherford
Sacramento
Salida
Salinas
Salmon Creek
Salton City
Salton Sea Beach
Samoa
San Andreas
San Anselmo
San Antonio Heights
San Ardo
San Bernardino
San Bruno
San Buenaventura (Ventura)
San Carlos
San Clemente
San Diego
San Diego Country Estates
San Dimas
San Fernando
San Francisco
San Gabriel
San Geronimo
San Jacinto
San Joaquin
San Jose
San Juan Bautista
San Juan Capistrano
San Leandro
San Lorenzo
San Lucas
San Luis Obispo
San Marcos
San Marino
San Martin
San Mateo
San Miguel
San Miguel CDP (San Luis Obispo County)
San Pablo
San Pasqual
San Rafael
San Ramon
San Simeon
Sand City
Sanger
Santa Ana
Santa Barbara
Santa Clara
Santa Clarita
Santa Cruz
Santa Fe Springs
Santa Margarita
Santa Maria
Santa Monica
Santa Nella
Santa Paula
Santa Rosa
Santa Rosa Valley
Santa Susana
Santa Venetia
Santa Ynez
Santee
Saranap
Saratoga
Saticoy
Sattley
Sausalito
Scotia
Scotts Valley
Sea Ranch
Seacliff
Seal Beach
Searles Valley
Seaside
Sebastopol
Seeley
Selma
Sequoia Crest
Sereno del Mar
Seville
Shafter
Shandon
Shasta
Shasta Lake
Shaver Lake
Shell Ridge
Shelter Cove
Sheridan
Shingle Springs
Shingletown
Shoshone
Sierra Brooks
Sierra City
Sierra Madre
Sierra Village
Sierraville
Signal Hill
Silver City
Silver Lakes
Silverado Resort
Simi Valley
Sisquoc
Sky Valley
Sleepy Hollow
Smartsville
Smith Corner
Smith River
Snelling
Soda Bay
Soda Springs
Solana Beach
Soledad
Solvang
Sonoma
Sonora
Soquel
Soulsbyville
South Dos Palos
South El Monte
South Gate
South Lake Tahoe
South Monrovia Island
South Oroville
South Pasadena
South San Francisco
South San Gabriel
South San Jose Hills
South Taft
South Whittier
Spaulding
Spreckels
Spring Garden
Spring Valley
Spring Valley CDP (Lake County)
Spring Valley Lake
Springville
Squaw Valley
Squirrel Mountain Valley
St. Helena
Stallion Springs
Stanford
Stanton
Stevenson Ranch
Stevinson
Stinson Beach
Stirling City
Stockton
Stonyford
Storrie
Stratford
Strathmore
Strawberry
Strawberry CDP (Tuolumne County)
Sugarloaf Mountain Park
Sugarloaf Saw Mill
Sugarloaf Village
Suisun City
Sultana
Summerland
Sun Village
Sunny Slopes
Sunnyside
Sunnyside-Tahoe City
Sunnyvale
Sunol
Susanville
Sutter
Sutter Creek
Swall Meadows
Taft
Taft Heights
Taft Mosswood
Tahoe Vista
Tahoma
Talmage
Tamalpais-Homestead Valley
Tara Hills
Tarpey Village
Taylorsville
Tecopa
Tehachapi
Tehama
Temecula
Temelec
Temescal Valley
Temple City
Templeton
Tennant
Terminous
Terra Bella
Teviston
Thermal
Thermalito
Thornton
Thousand Oaks
Thousand Palms
Three Rivers
Three Rocks
Tiburon
Timber Cove
Tipton
Tobin
Tomales
Tonyville
Tooleville
Topanga
Topaz
Toro Canyon
Torrance
Tracy
Tranquillity
Traver
Tres Pinos
Trinidad
Trinity Center
Trinity Village
Trona
Trowbridge
Truckee
Tulare
Tulelake
Tuolumne City
Tupman
Turlock
Tustin
Tuttle
Tuttletown
Twain
Twain Harte
Twentynine Palms
Twin Lakes
Ukiah
Union City
University of California-Davis
University of California-Merced
Upland
Upper Lake
Vacaville
Val Verde
Valinda
Valle Vista
Vallecito
Vallejo
Valley Acres
Valley Center
Valley Ford
Valley Home
Valley Ranch
Valley Springs
Valley Wells
Vandenberg AFB
Vandenberg Village
Verdi
Vernon
Victor
Victorville
View Park-Windsor Hills
Villa Park
Vina
Vincent
Vine Hill
Vineyard
Visalia
Vista
Vista Santa Rosa
Volcano
Volta
Walker
Wallace
Walnut
Walnut Creek
Walnut Grove
Walnut Park
Warm Springs
Warner Valley
Wasco
Washington
Waterford
Waterloo
Watsonville
Waukena
Wawona
Weaverville
Weed
Weedpatch
Weldon
Weott
West Athens
West Bishop
West Carson
West Covina
West Goshen
West Hollywood
West Menlo Park
West Modesto
West Park
West Point
West Puente Valley
West Rancho Dominguez
West Sacramento
West Whittier-Los Nietos
Westhaven-Moonstone
Westlake Village
Westley
Westminster
Westmont
Westmorland
Westside
Westwood
Wheatland
Whitehawk
Whitewater
Whitley Gardens
Whittier
Wildomar
Wilkerson
Williams
Willits
Willow Creek
Willowbrook
Willows
Wilsonia
Wilton
Winchester
Windsor
Winter Gardens
Winterhaven
Winters
Winton
Wofford Heights
Woodacre
Woodbridge
Woodcrest
Woodlake
Woodland
Woodlands
Woodside
Woodville
Wrightwood
Yankee Hill
Yettem
Yolo
Yorba Linda
Yosemite Lakes
Yosemite Valley
Yountville
Yreka
Yuba City
Yucaipa
Yucca Valley
Zayante